Name,Prices
HP OfficeJet Pro 9730 Wide Format All-in-One Printer (537P5C),495000
HP LaserJet Pro MFP 4103dw Printer (2Z627A),720000
HP Color LaserJet Pro MFP 4303fdn Printer (5HH66A),1062600
"HP DesignJet T630 Wide Format Printer 24-Inches, A1 large format plotter (5HB09A)",1350000
HP Color LaserJet Pro MFP 4303dw Printer (5HH65A),897000
hp-designjet-t1700-44-in-printer-w6b55a,6325000
Hp Smart Tank 581 All-in-One Printer,277200
HP Color LaserJet Pro MFP 178nw Printer (4zb96a),508200
Hp Smart Tank 670 All-in-One Printer,438900
Hp Smart Tank 750 All-in-One Printer,508200
Hp Smart Tank 585 All-in-One Printer,311850
Hp Smart Tank 580 All-in-One Printer,311000
Hp Deskjet Plus 4120 All-in-One Printer,132825
Hp Smart Tank 615 Wireless All-in-One Printer,415800
HP LaserJet MFP M141W Printer (7MD74A),276000
HP LaserJet MFP M141a Printer (7MD73A),253000
Hp Deskjet 2720 All-in-One Printer,90090
Hp Deskjet 4120 All-in-One Printer,97020
HP Smart Tank 515 Wireless All-in-One Printer (1TJ09A),306075
Hp Neverstop Laser 1000n Printer,323400
Hp Color Laserjet MFP Pro M479dw Printer,831600
Hp Color Laserjet Pro MFP M283fdn Printer,739200
HP LaserJet Pro M15w Wireless Monochrome Printer (W2G51A),138600
HP LaserJet Enterprise M612dn Monochrome Duplex Printer (7PS86A),1545075
HP Color Laser 179fnw Wireless All in One Laser Printer,528000
Hp Color Laserjet 150nw Printer (4zb95a),427350
Hp Color Laserjet Pro M454 Printer (w1y45a),785400
Hp Color Laserjet Pro MFP M283fdw Printer,785400
Hp Color Laser 150a Printer 4zb94a,385000
Hp Color Laserjet Pro MFP M282nw Printer,675675
HP Laser MFP 135A Printer (4ZB82A),310500
Hp Officejet 202 Mobile Printer,414000
HP Laser MFP 135w Printer (4ZB83A),334950
Hp Laserjet Pro M404dw printer,473550
Hp Laser MFP 137fnw Mono Printer,405000
Hp Color Laserjet Pro MFP 183fw Printer,612150
Hp laser 107w printer,186000
Hp Color Laserjet Cp 5225dn Printer,2357500
Hp Color Laserjet Cp 5225n Printer,1897500
Hp Color Laserjet MFP Pro M479fdw Printer,981750
HP 213A Magenta Original LaserJet Toner Cartridge (W2133A),290000
HP 213A Yellow Original LaserJet Toner Cartridge (W2132A),290000
HP 213A Cyan Original LaserJet Toner Cartridge (W2131A),290000
HP 213A Black Original LaserJet Toner Cartridge (W2130A),260000
HP 938 Magenta Original Ink Cartridge,41400
